TIME_frame,TRACK_ID,X_(com),Y_(com),angle,area
    0,     0, 102.547494, 160.378177, 3.867382,     0
    0,     1, 102.009479, 59.728274, 2.521095,     0
    0,     2, 108.872358, 36.491674, 4.944423,     0
    0,     3, 168.784228, 65.232385, 1.636014,     0
    0,     4, 139.262685, 35.981847, 0.980859,     0
    0,     5, 155.953857, 158.512167, 4.119372,     0
    0,     6, 182.912044, 13.666990, 1.752629,     0
    0,     7, 54.387254, 93.932784, 3.862852,     0
    0,     8, 139.536902, 44.889429, 5.162311,     0
    0,     9, 144.091658, 134.385222, 3.451108,     0
    0,    10, 29.648537, 59.445326, 5.814432,     0
    0,    11, 186.407384, 5.907474, 4.237749,     0
    0,    12, 150.914750, 154.458085, 3.248980,     0
    0,    13, 88.801313, 31.411320, 1.897129,     0
    0,    14, 67.057248, 147.073607, 4.850818,     0
    0,    15, 51.537538, 92.038452, 2.650830,     0
    0,    16, 27.842393, 34.793952, 4.963230,     0
    0,    17, 16.739252, 35.744525, 2.666781,     0
    0,    18, 12.013912, 100.054406, 3.796060,     0
    0,    19, 91.085445, 152.676964, 0.126623,     0
    0,    20, 128.116565, 127.274285, 0.149295,     0
    0,    21, 21.946946, 108.233654, 5.634136,     0
    0,    22, 14.506286, 23.318373, 2.033926,     0
    0,    23, 88.319057, 83.675736, 4.195761,     0
    0,    24, 50.655608, 26.141615, 0.984443,     0
    0,    25, 100.804388, 117.067633, 3.398007,     0
    0,    26, 131.619542, 35.816906, 5.874766,     0
    0,    27, 82.405975, 93.160767, 1.078941,     0
    0,    28, 7.387816, 115.689989, -0.060499,     0
    0,    29, 151.514219, 100.034396, 4.552345,     0
    0,    30, 7.944219, 104.788339, 3.543436,     0
    0,    31, 84.675632, 109.838219, 4.007482,     0
    0,    32, 135.100484, 66.915438, 3.372678,     0
    0,    33, 87.060283, 161.141075, 5.761709,     0
    0,    34, 127.902403, 9.256076, 4.324123,     0
    0,    35, 41.291297, 75.339333, 5.158314,     0
    0,    36, 7.551399, 172.623195, 0.183407,     0
    0,    37, 52.859155, 25.808933, 1.231955,     0
    0,    38, 23.640581, 50.088359, 3.706160,     0
    0,    39, 54.682107, 94.544329, 2.692222,     0
    0,    40, 154.237814, 132.805612, 5.107762,     0
    0,    41, 48.579049, 75.155257, 0.427811,     0
    0,    42, 191.410241, 151.672545, 6.601652,     0
    0,    44, 187.971684, 79.800466, 6.318515,     0
    0,    45, 34.098318, 65.061712, 5.563044,     0
    0,    46, 81.045524, 156.371352, 5.366967,     0
    0,    47, 18.113054, 178.866054, 5.136585,     0
    0,    48, 73.460653, 94.026143, 5.185030,     0
    0,    49, 18.013426, 48.987351, 0.107243,     0
    0,    50, 22.660658, 112.205415, 1.138416,     0
    0,    51, 126.907605, 177.562225, 5.237590,     0
    0,    52, 32.148498, 104.410281, 1.422982,     0
    0,    53, 77.087466, 50.384372, 3.214468,     0
    0,    54, 124.627343, 5.151573, 5.706215,     0
    0,    55, 98.051116, 94.799350, 2.614294,     0
    0,    56, 152.356137, 54.515729, 2.040793,     0
    0,    57, 36.435979, 35.033744, 1.712662,     0
    0,    58, 87.683114, 79.125211, 5.852529,     0
    0,    59, 167.550038, 94.665281, 2.625536,     0
    0,    60, 99.082767, 44.299843, 5.277012,     0
    0,    61, 116.296982, 7.527894, 4.906257,     0
    0,    62, 104.522114, 123.014949, 1.698793,     0
    0,    63, 161.033953, 104.640255, 5.188718,     0
    0,    64, 132.330966, 109.217235, 0.772340,     0
    0,    65, 47.736580, 56.385651, 4.932468,     0
    0,    66, 87.418052, 73.570846, 1.456033,     0
    0,    67, 114.910303, 79.586215, 5.007598,     0
    0,    68, 38.898465, 91.030107, 1.203844,     0
    0,    69, 84.536976, 158.500416, 3.247916,     0
    0,    70, 116.300704, 142.989082, 1.073538,     0
    0,    71, 80.746274, 36.109563, 5.585688,     0
    0,    72, 21.729262, 44.861503, 5.615734,     0
    0,    73, 38.482273, 48.053363, 0.917215,     0
    0,    74, 141.556956, 9.781669, 5.705223,     0
    0,    75, 144.246855, 7.788049, 5.201947,     0
    0,    76, 185.454850, 89.274941, 1.173633,     0
    0,    77, 113.873820, 81.652385, 4.024488,     0
    0,    78, 168.964944, 63.282468, 6.739369,     0
    0,    79, 62.021932, 13.959463, 0.383272,     0
    0,    80, 171.739164, 11.636165, 1.301039,     0
    0,    81, 10.309180, 144.705638, 0.372227,     0
    0,    82, 53.649215, 17.419285, 2.454546,     0
    0,    83, 78.414744, 115.533970, 6.298824,     0
    0,    84, 173.971501, 83.580598, 5.289954,     0
    0,    85, 161.180160, 76.286284, 3.846367,     0
    0,    86, 92.224719, 89.007270, 3.519649,     0
    0,    87, 39.588430, 59.609041, 3.627583,     0
    0,    88, 130.565942, 20.231806, 0.558300,     0
    0,    89, 101.326064, 30.582383, 3.485528,     0
    0,    90, 86.794634, 139.407710, 2.410738,     0
    0,    91, 85.325178, 133.654548, 5.865223,     0
    0,    92, 137.784512, 28.256745, 4.171397,     0
    0,    93, 132.741980, 170.559185, 3.182544,     0
    0,    94, 175.401724, 92.156793, 3.164735,     0
    0,    95, 137.080379, 193.942230, 3.358901,     0
    0,    96, 98.441893, 89.991346, 4.550199,     0
    0,    97, 45.602974, 124.612133, 5.148103,     0
    0,    98, 98.775630, 96.241553, 0.751813,     0
    0,    99, 62.944032, 90.146825, 4.573071,     0
    0,   100, 66.221949, 53.068023, 0.899688,     0
    0,   101, 70.279247, 175.209068, 1.439986,     0
    0,   102, 107.387660, 35.750983, 1.103650,     0
    0,   103, 20.382687, 73.528293, 1.205358,     0
    0,   104, 94.682237, 112.674721, 5.726793,     0
    0,   105, 63.006271, 174.416538, 0.215628,     0
    0,   106, 29.365888, 12.104473, 4.891780,     0
    0,   119, 5.869025, 125.504842, 5.267421,     0
    0,   107, 58.855276, 105.103761, 4.260088,     0
    0,   108, 115.676952, 175.601191, 3.358184,     0
    0,   109, 61.710788, 191.258986, 3.231040,     0
    0,   110, 89.908046, 77.972699, 6.177713,     0
    0,   111, 164.665119, 78.141516, 3.201875,     0
    0,   112, 186.424800, 78.411994, 5.165299,     0
    0,   113, 10.888592, 96.943903, 0.513910,     0
    0,   114, 159.867435, 20.116894, 2.555097,     0
    0,   115, 31.003305, 141.860091, 5.683488,     0
    0,   116, 162.419421, 133.764724, 0.574330,     0
    0,   117, 71.234868, 54.294082, 5.802288,     0
    0,   118, 112.084888, 86.333862, 2.334769,     0
    1,     0, 101.313485, 159.671669, 3.924933,    31
    1,     1, 101.196263, 60.381472, 2.794051,    41
    1,     2, 109.327614, 35.542203, 5.194342,    43
    1,     3, 168.827959, 66.476649, 1.826865,    27
    1,     4, 139.872684, 37.068750, 1.111162,    28
    1,     5, 155.207809, 158.046460, 4.176266,    36
    1,     6, 182.750118, 14.397264, 1.707095,    32
    1,     7, 53.734458, 93.588042, 3.455072,    33
    1,     8, 140.268454, 44.071901, 5.396586,    43
    1,     9, 143.239298, 134.157747, 3.843118,    38
    1,    10, 30.390697, 59.004327, 5.582751,    48
    1,    12, 149.803376, 154.352420, 3.039201,    37
    1,    13, 88.407112, 32.285673, 1.707364,    31
    1,    14, 66.993468, 146.282342, 5.191755,    41
    1,    15, 50.715135, 92.702073, 2.749885,    48
    1,    16, 27.832190, 34.167017, 5.198218,    46
    1,    17, 15.864802, 35.963580, 2.592251,    32
    1,    18, 11.124734, 99.096529, 3.889286,    43
    1,    19, 91.766079, 152.261195, 0.382755,    35
    1,    20, 129.259792, 127.473714, -0.024399,    36
    1,    21, 22.890277, 107.663016, 5.960153,    41
    1,    22, 14.018712, 23.976654, 2.358248,    39
    1,    23, 88.119914, 83.003814, 3.655772,    30
    1,   120, 153.499638, 5.544359, 0.872152,    52
    1,    24, 51.060669, 27.110818, 0.859882,    38
    1,    25, 99.904547, 116.762329, 3.419337,    32
    1,    26, 132.239737, 35.170163, 5.778570,    25
    1,    27, 83.051690, 94.374005, 1.003725,    42
    1,    28, 8.249564, 115.393774, 0.156868,    32
    1,    29, 151.098250, 99.023903, 4.361381,    33
    1,    30, 6.997876, 104.742412, 3.500004,    37
    1,    31, 83.818939, 109.102577, 4.082820,    35
    1,    32, 133.924725, 66.345136, 3.555784,    29
    1,    33, 88.016777, 160.547486, 5.579743,    28
    1,    34, 127.496573, 8.445156, 4.537430,    46
    1,    35, 41.685113, 74.536950, 5.271013,    27
    1,    36, 8.649344, 172.712153, 0.476117,    32
    1,    37, 52.596790, 26.504012, 1.544892,    31
    1,    38, 22.874615, 49.609703, 3.628518,    43
    1,   121, 177.687784, 194.722910, 3.235312,    41
    1,    39, 53.712040, 95.157306, 2.820567,    40
    1,    40, 154.736703, 131.949218, 5.195629,    35
    1,    41, 49.540431, 75.587500, 0.409869,    37
    1,    42, 192.245929, 151.980985, 7.048728,    42
    1,    44, 188.756243, 79.648338, 6.320711,    31
    1,    45, 34.801560, 64.503487, 5.849001,    52
    1,    46, 81.758975, 155.602966, 5.131931,    30
    1,    47, 18.689089, 177.703455, 4.996974,    37
    1,    48, 74.038482, 93.212472, 5.039196,    40
    1,    49, 18.681277, 48.906313, -0.195753,    30
    1,    50, 23.134782, 113.303494, 1.359132,    41
    1,    51, 127.082788, 176.994573, 5.450357,    47
    1,    52, 32.129429, 105.000161, 1.480336,    39
    1,    53, 75.964639, 49.996235, 3.325750,    34
    1,    55, 97.169914, 95.222046, 2.441317,    34
    1,    56, 151.689065, 55.138625, 2.312357,    38
    1,    57, 36.073045, 35.727333, 1.709581,    35
    1,    58, 88.501152, 78.655849, 5.818315,    35
    1,    59, 166.697096, 95.028917, 2.561160,    42
    1,    60, 99.616212, 43.367259, 5.370097,    33
    1,    61, 116.660832, 7.148090, 4.700524,    33
    1,    62, 104.574143, 124.238796, 1.858165,    28
    1,    63, 161.533972, 103.845606, 4.878097,    47
    1,    64, 132.942483, 109.673221, 0.712491,    31
    1,    65, 47.968173, 55.296003, 4.696313,    36
    1,    66, 87.451388, 74.605330, 1.435746,    30
    1,    67, 115.544041, 78.890510, 5.148758,    54
    1,    68, 39.182256, 91.854573, 0.906451,    34
    1,    69, 83.557636, 158.455973, 3.262440,    50
    1,    70, 116.892616, 143.511004, 1.166815,    45
    1,    71, 81.464348, 35.630537, 5.373240,    34
    1,    72, 22.367989, 44.225416, 5.532338,    32
    1,   122, 77.691951, 5.595114, 1.140473,    44
    1,    73, 39.170568, 48.963453, 0.762700,    29
    1,    74, 142.335570, 9.127498, 5.813596,    37
    1,    75, 144.888666, 6.900303, 5.340191,    35
    1,    76, 186.031605, 90.459684, 1.206314,    40
    1,    77, 113.171307, 80.789059, 3.850427,    33
    1,    78, 169.899531, 63.736748, 6.832171,    28
    1,    79, 62.913511, 14.015532, 0.349707,    31
    1,    80, 171.995759, 12.255103, 1.471580,    35
    1,    81, 11.293334, 145.295553, 0.572552,    29
    1,    82, 52.830273, 17.943987, 2.547967,    30
    1,    83, 79.323191, 115.648072, 6.494913,    35
    1,    84, 174.513813, 82.904365, 5.046053,    31
    1,    85, 160.331867, 75.476827, 3.919128,    31
    1,    86, 91.463080, 88.871354, 3.672828,    30
    1,    87, 38.891943, 59.406752, 3.939207,    30
    1,    88, 131.247710, 20.777703, 0.622885,    32
    1,    89, 100.141800, 30.024777, 3.550784,    32
    1,    90, 86.188835, 139.792811, 2.516770,    33
    1,    91, 86.191473, 133.351582, 5.906201,    37
    1,    92, 137.297114, 27.146333, 4.231947,    31
    1,    93, 131.685821, 170.425673, 2.802586,    43
    1,    94, 174.469063, 91.924953, 3.223805,    31
    1,    95, 136.092098, 193.929724, 3.262659,    34
    1,    96, 98.368581, 88.983268, 4.506205,    33
    1,    97, 46.010983, 123.592561, 5.042126,    34
    1,    98, 99.362066, 96.840058, 0.819991,    35
    1,    99, 62.530607, 89.175534, 4.565226,    32
    1,   100, 67.162959, 53.644182, 0.925924,    36
    1,   101, 70.053704, 176.024154, 1.536938,    53
    1,   102, 108.238984, 36.265877, 1.073496,    38
    1,   103, 21.064279, 74.607332, 1.272512,    47
    1,   104, 95.642420, 112.429639, 5.943025,    37
    1,   105, 64.023644, 175.017741, 0.401983,    43
    1,   106, 29.312718, 11.253238, 4.629463,    41
    1,   119, 6.724316, 124.998868, 5.377720,    46
    1,   107, 58.473091, 104.292147, 4.385960,    27
    1,   108, 114.786661, 175.486967, 3.511851,    36
    1,   109, 60.362302, 191.095350, 3.553948,    35
    1,   110, 90.674011, 77.539300, 6.399938,    42
    1,   111, 163.576697, 78.099764, 3.400202,    33
    1,   112, 186.773342, 77.539582, 5.139231,    30
    1,   113, 11.813938, 97.390961, 0.372149,    29
    1,   114, 159.155726, 20.781724, 2.328076,    35
    1,   115, 31.594863, 141.188426, 5.825240,    45
    1,   116, 163.402398, 133.936346, 0.189562,    48
    1,   117, 72.226840, 53.744923, 5.732376,    35
    1,   118, 111.488874, 86.750314, 2.189440,    36
    2,     0, 100.616267, 159.054192, 3.798292,    31
    2,     1, 100.243454, 60.981797, 2.996820,    39
    2,     2, 109.377479, 34.790823, 5.332655,    43
    2,     3, 168.759392, 67.749984, 1.774515,    25
    2,     4, 140.078879, 38.229914, 1.224815,    29
    2,     5, 155.059578, 157.359082, 4.180043,    34
    2,     6, 182.795708, 14.874636, 1.756307,    33
    2,     7, 53.340614, 93.126956, 3.317271,    33
    2,     8, 140.659529, 43.336430, 5.303484,    44
    2,     9, 142.465945, 133.623952, 3.665149,    37
    2,    10, 31.042896, 58.480362, 5.672003,    49
    2,    12, 148.723369, 154.676674, 2.873411,    36
    2,    13, 88.417603, 33.097533, 1.742180,    33
    2,    14, 67.486160, 145.628251, 5.789267,    41
    2,    15, 49.629192, 93.132377, 2.682671,    47
    2,    16, 28.230082, 33.037361, 5.325800,    43
    2,    17, 14.899423, 36.252780, 2.715335,    33
    2,    18, 10.370806, 98.718487, 3.715280,    44
    2,    19, 92.546642, 152.807120, 0.502634,    35
    2,    20, 129.955099, 127.352474, -0.136776,    35
    2,    21, 23.691314, 107.103238, 5.819384,    41
    2,    22, 13.227086, 25.015321, 2.712070,    41
    2,    23, 87.779037, 83.196322, 3.478349,    30
    2,   120, 154.318369, 6.294523, 1.134387,    53
    2,    24, 51.860637, 27.568688, 0.700522,    39
    2,    25, 98.973979, 116.468488, 3.709551,    34
    2,    26, 132.696811, 34.586966, 5.675847,    26
    2,    27, 83.800577, 95.109064, 1.226023,    44
    2,    28, 9.044430, 115.785938, 0.129942,    31
    2,    29, 150.872432, 98.239264, 4.161301,    33
    2,    30, 6.001922, 104.359999, 3.515565,    39
    2,    31, 83.363534, 108.445527, 4.260018,    34
    2,    32, 133.406426, 65.885993, 3.095996,    32
    2,    33, 88.946694, 159.753373, 5.604683,    30
    2,    34, 127.312178, 7.386451, 4.499650,    45
    2,    35, 42.474729, 73.419423, 5.145184,    29
    2,    36, 9.277410, 173.204220, 0.806505,    31
    2,    37, 52.701809, 27.266737, 1.703082,    30
    2,    38, 22.051541, 48.921515, 3.471327,    39
    2,   121, 176.600563, 194.551293, 3.548450,    41
    2,    39, 52.608333, 95.562756, 2.616628,    40
    2,    40, 154.862481, 131.269221, 5.159281,    33
    2,    41, 50.319072, 75.991730, 0.353406,    35
    2,    42, 193.197368, 152.479599, 7.083726,    41
    2,    44, 189.902517, 79.252426, 6.124341,    31
    2,    45, 35.577578, 64.012407, 5.714618,    51
    2,    46, 82.224705, 154.531499, 5.290642,    33
    2,    47, 18.822267, 176.872379, 5.048219,    37
    2,    48, 74.473928, 92.203083, 5.037405,    43
    2,    49, 19.688946, 49.105392, -0.019648,    32
    2,    50, 23.257969, 114.317667, 1.392449,    43
    2,    51, 127.578221, 175.915034, 5.416356,    47
    2,    52, 31.861185, 105.744153, 1.468542,    37
    2,    53, 74.919195, 49.772221, 3.377581,    34
    2,    55, 96.589195, 95.408842, 2.417273,    37
    2,    56, 151.057759, 55.903400, 2.301764,    39
    2,    57, 36.170566, 36.642544, 1.810813,    35
    2,    58, 89.589952, 78.583587, 6.051223,    34
    2,    59, 165.901234, 95.397301, 2.505646,    44
    2,    60, 100.161312, 42.704644, 5.366673,    32
    2,    61, 116.582314, 6.147461, 4.845264,    32
    2,    62, 104.519635, 125.280762, 1.529246,    28
    2,    63, 161.778674, 102.559149, 5.044890,    45
    2,    64, 133.487791, 110.221995, 0.633097,    30
    2,    65, 48.308024, 54.413657, 4.400504,    36
    2,    66, 87.621588, 75.581108, 1.277924,    30
    2,    67, 115.942861, 77.900974, 5.479470,    52
    2,    68, 39.495169, 92.736302, 0.855100,    33
    2,    69, 82.969158, 158.514876, 3.151526,    49
    2,    70, 117.162043, 144.366033, 1.262019,    44
    2,    71, 81.907286, 34.739731, 5.326759,    35
    2,    72, 23.312894, 43.447212, 5.349193,    30
    2,   122, 77.840970, 6.777620, 0.890816,    45
    2,    73, 39.814628, 49.953308, 0.748032,    32
    2,    74, 143.454540, 8.408667, 5.546985,    34
    2,    75, 145.702489, 5.721919, 5.207548,    34
    2,    76, 185.945012, 91.423567, 1.023528,    40
    2,    77, 112.215741, 79.987496, 3.808318,    30
    2,    78, 170.463776, 64.341600, 7.065604,    26
    2,    79, 63.791660, 14.456586, 0.402733,    29
    2,    80, 171.912910, 13.586536, 1.313188,    37
    2,    81, 12.072612, 145.708389, 0.580033,    32
    2,    82, 51.920005, 18.724447, 2.669067,    29
    2,    83, 79.940447, 115.781854, 6.185444,    36
    2,    84, 174.883171, 82.037554, 5.200932,    35
    2,    85, 159.809472, 74.880684, 4.166394,    30
    2,    86, 90.644963, 88.248228, 3.315705,    28
    2,    87, 38.343580, 58.850510, 4.091959,    26
    2,    88, 132.044007, 21.281939, 0.599601,    32
    2,    89, 99.209715, 29.655914, 3.268690,    32
    2,    90, 85.206996, 140.356716, 2.547689,    34
    2,    91, 86.991934, 133.190717, 6.058995,    36
    2,    92, 136.903136, 26.409450, 4.246198,    32
    2,    93, 130.856801, 170.649367, 2.597811,    42
    2,    94, 173.617724, 91.820389, 3.170110,    31
    2,    95, 135.242040, 193.743811, 3.301142,    34
    2,    96, 98.023480, 88.203976, 4.693577,    35
    2,    97, 46.158931, 122.811398, 4.986905,    35
    2,    98, 100.244175, 97.578813, 0.670454,    31
    2,    99, 62.328560, 88.238504, 4.587413,    31
    2,   100, 67.832825, 54.539997, 0.810746,    35
    2,   101, 70.542347, 176.892428, 1.609995,    53
    2,   102, 108.574756, 37.287171, 1.150430,    38
    2,   103, 21.310374, 75.474388, 1.285496,    47
    2,   104, 96.660775, 111.815783, 6.083671,    36
    2,   105, 65.147539, 175.215450, -0.040202,    43
    2,   106, 29.434764, 10.381666, 4.480595,    41
    2,   119, 7.079556, 124.155726, 5.499354,    48
    2,   107, 58.343194, 103.264679, 4.723680,    29
    2,   108, 113.619999, 175.207364, 3.410697,    34
    2,   109, 59.479250, 190.788780, 3.382099,    35
    2,   110, 91.998474, 77.657158, 6.225345,    42
    2,   111, 162.919767, 77.521813, 3.464911,    32
    2,   112, 187.205935, 76.983600, 5.034512,    31
    2,   113, 12.836257, 97.705304, 0.480369,    27
    2,   114, 158.167266, 21.178550, 2.274398,    38
    2,   115, 32.588523, 140.802868, 5.471304,    46
    2,   116, 164.016685, 134.140949, 0.391380,    47
    2,   117, 73.343087, 53.559128, 5.736303,    32
    2,   118, 111.113222, 87.846473, 1.831383,    34
    3,     0, 99.630730, 158.684699, 3.988982,    33
    3,     1, 99.104128, 60.871388, 2.927386,    43
    3,     2, 110.124205, 33.844529, 5.287277,    44
    3,     3, 168.707225, 68.847532, 1.556094,    28
    3,     4, 140.076837, 39.080524, 0.970899,    29
    3,     5, 154.247611, 156.585740, 4.020978,    34
    3,     6, 182.756323, 15.660481, 1.570101,    32
    3,     7, 52.638266, 93.296209, 3.293776,    31
    3,     8, 141.186654, 42.624275, 5.479205,    44
    3,     9, 141.637125, 133.211913, 3.496019,    36
    3,    10, 31.929554, 58.060400, 5.831886,    50
    3,    12, 147.847471, 154.577021, 3.127428,    35
    3,    13, 88.662372, 33.945085, 1.771370,    31
    3,    14, 68.227440, 145.075271, 6.066674,    41
    3,    15, 48.802087, 93.124043, 2.817032,    47
    3,    16, 28.513450, 32.027190, 5.386513,    45
    3,    17, 14.206387, 36.869509, 2.701623,    34
    3,    18, 9.702662, 98.324726, 3.708229,    44
    3,    19, 93.634121, 153.851783, 0.454929,    37
    3,    20, 130.829173, 127.201435, 0.015080,    36
    3,    21, 24.244473, 106.809733, 6.156081,    41
    3,    22, 12.265009, 25.322115, 2.568741,    41
    3,    23, 87.212026, 83.347758, 3.603379,    31
    3,   120, 154.488968, 7.015167, 1.006034,    56
    3,    24, 52.443729, 28.452294, 0.935553,    39
    3,    25, 98.232508, 115.903225, 3.801795,    33
    3,    26, 133.516745, 34.192145, 5.583272,    26
    3,    27, 84.140355, 95.991327, 1.017354,    43
    3,    28, 10.023464, 116.099403, 0.278803,    32
    3,    29, 150.350037, 97.477864, 4.147350,    35
    3,    31, 83.067187, 107.821283, 4.241185,    35
    3,    32, 132.610506, 65.770199, 3.139992,    31
    3,    33, 89.687434, 159.214216, 5.919315,    28
    3,    34, 126.793779, 6.515433, 4.400224,    46
    3,    35, 43.094746, 72.892610, 5.213611,    27
    3,    36, 9.795870, 173.713886, 0.743545,    34
    3,    37, 52.611296, 28.540318, 1.610589,    30
    3,    38, 20.733396, 48.814396, 3.329159,    40
    3,   121, 175.944900, 194.225267, 3.273925,    41
    3,    39, 51.692809, 96.046924, 2.376429,    39
    3,    40, 155.312354, 130.127095, 5.407068,    36
    3,    41, 50.990598, 76.506625, 0.430876,    35
    3,    42, 193.580496, 153.200893, 7.155679,    44
    3,    44, 191.030126, 79.103545, 6.310937,    30
    3,    45, 36.445696, 63.606638, 5.545214,    53
    3,    46, 82.278669, 153.767083, 4.985130,    28
    3,    47, 18.806621, 175.989001, 5.024990,    38
    3,    48, 75.019545, 91.643479, 4.965710,    43
    3,    49, 20.887675, 48.829226, -0.258590,    30
    3,    50, 23.562554, 115.461184, 1.467985,    43
    3,    51, 128.328656, 175.039040, 5.241965,    49
    3,    52, 32.054120, 106.287041, 1.370837,    37
    3,    53, 73.850598, 49.287669, 3.371508,    32
    3,    55, 95.833844, 96.217561, 2.480200,    37
    3,    56, 150.187328, 56.681105, 2.194562,    39
    3,    57, 35.912783, 37.397078, 2.183492,    35
    3,    58, 90.521118, 78.178733, 6.535271,    33
    3,    59, 165.262780, 96.012618, 2.877216,    42
    3,    60, 100.736374, 41.797857, 5.413540,    32
    3,   123, 124.288181, 6.104942, 1.420373,    34
    3,    61, 116.818683, 5.382449, 4.918084,    32
    3,    62, 104.581768, 126.278919, 1.566989,    28
    3,    63, 161.711557, 101.748421, 5.114550,    46
    3,    64, 134.374147, 110.765054, 0.834066,    32
    3,    65, 47.997995, 53.894835, 4.407152,    36
    3,    66, 88.103915, 76.808381, 1.464435,    28
    3,    67, 116.508885, 77.299475, 5.322114,    54
    3,    68, 40.131579, 93.830133, 0.844498,    31
    3,    69, 81.533151, 158.346360, 2.905894,    50
    3,    70, 117.362320, 145.670987, 1.399295,    44
    3,    71, 82.563436, 34.321179, 5.499546,    35
    3,    72, 24.450457, 42.803982, 5.317600,    33
    3,   122, 78.297600, 7.778202, 1.123330,    44
    3,    73, 40.504527, 50.907291, 0.661270,    32
    3,    74, 143.995233, 7.629975, 5.808044,    37
    3,    76, 186.381049, 92.296205, 0.857933,    41
    3,    77, 111.717147, 79.238785, 3.664734,    32
    3,    78, 171.216277, 65.099820, 7.528009,    23
    3,    79, 64.862611, 15.201032, 0.392469,    31
    3,    80, 172.256035, 14.394071, 1.720699,    35
    3,    81, 12.958252, 146.101955, 0.519648,    32
    3,    82, 50.908480, 19.157751, 3.014745,    32
    3,    83, 80.623431, 115.839293, 5.907786,    35
    3,    84, 175.283070, 81.270333, 5.073528,    35
    3,    85, 159.241881, 74.413105, 4.356034,    32
    3,    86, 89.734266, 88.139835, 3.482221,    30
    3,    87, 38.197265, 57.979292, 4.183580,    28
    3,    88, 133.088088, 21.697374, 0.284114,    31
    3,    89, 98.142048, 29.729344, 3.093556,    32
    3,    90, 84.382835, 141.081807, 2.827824,    36
    3,    91, 88.090256, 132.981400, 5.883186,    36
    3,    92, 136.599623, 25.541610, 4.548949,    32
    3,    93, 129.983827, 170.784389, 2.704838,    41
    3,    94, 172.706016, 91.541487, 3.460307,    31
    3,    95, 133.899855, 194.120959, 3.214275,    33
    3,    96, 97.798046, 87.072439, 4.652226,    34
    3,    97, 46.360429, 121.890162, 4.696390,    34
    3,    98, 100.876122, 98.166787, 0.848051,    32
    3,    99, 61.958526, 87.437470, 4.518682,    30
    3,   100, 68.532473, 55.231189, 0.909982,    37
    3,   101, 70.935706, 177.950955, 1.686948,    53
    3,   102, 108.946433, 38.059383, 1.058145,    39
    3,   103, 21.540918, 76.458110, 1.277076,    47
    3,   104, 97.800787, 111.754680, 6.082274,    38
    3,   105, 65.902986, 175.193881, -0.049339,    43
    3,   106, 29.630481, 9.578858, 4.423225,    40
    3,   119, 7.810015, 123.694005, 5.729942,    47
    3,   107, 58.554490, 102.246662, 4.708977,    28
    3,   108, 112.873161, 174.595343, 3.526754,    35
    3,   109, 58.443693, 190.259993, 3.332397,    35
    3,   110, 92.811560, 77.633586, 6.103491,    42
    3,   111, 161.951755, 77.420551, 3.092796,    33
    3,   112, 187.431022, 76.161914, 5.274253,    29
    3,   113, 13.768292, 97.573634, 0.285686,    29
    3,   114, 157.490541, 21.952390, 2.224027,    39
    3,   115, 33.515440, 140.258999, 5.548781,    47
    3,   116, 165.020535, 134.546449, 0.231916,    47
    3,   117, 74.207059, 53.131309, 5.669191,    32
    3,   118, 110.969749, 88.785633, 1.903902,    33
    4,     0, 98.945338, 158.057737, 4.070781,    32
    4,     1, 98.155384, 60.942116, 2.790584,    41
    4,     2, 110.718824, 32.686922, 5.500149,    44
    4,     3, 168.842324, 69.820289, 1.425379,    27
    4,     4, 140.687712, 39.985167, 1.098119,    29
    4,     5, 153.603525, 155.818253, 4.111314,    35
    4,     6, 182.463343, 16.534832, 1.592806,    32
    4,     7, 51.665461, 93.019042, 3.021596,    32
    4,     8, 141.863514, 41.879652, 5.296940,    42
    4,     9, 140.715265, 132.833735, 3.427596,    36
    4,    10, 32.635909, 57.883206, 5.853411,    48
    4,    12, 146.914523, 154.869383, 3.086732,    36
    4,    13, 88.451479, 34.690622, 1.609430,    34
    4,    14, 69.406322, 145.178746, 5.983575,    40
    4,    15, 47.613650, 93.318950, 2.688431,    46
    4,    16, 29.309710, 31.211239, 5.133415,    44
    4,    17, 13.388263, 37.076803, 3.268748,    33
    4,    18, 8.899828, 97.607732, 3.774214,    44
    4,    19, 94.250200, 154.290843, 0.581263,    36
    4,    20, 131.454706, 127.274129, 0.036926,    35
    4,    21, 25.315552, 106.540596, 6.325043,    40
    4,    22, 11.505287, 25.911158, 2.508033,    41
    4,    23, 86.201258, 82.873621, 3.628467,    31
    4,   120, 154.951929, 7.605269, 0.963672,    54
    4,    24, 52.935654, 28.925120, 0.790908,    37
    4,    25, 97.362737, 115.235281, 3.732047,    34
    4,    26, 134.369206, 33.239746, 5.908059,    25
    4,    27, 84.582430, 96.837492, 1.337495,    42
    4,    28, 10.726440, 116.430879, 0.391296,    32
    4,    29, 150.052727, 96.385940, 4.031008,    35
    4,    31, 82.375974, 107.009761, 4.174847,    35
    4,    32, 131.554066, 65.377855, 3.442527,    31
    4,    33, 90.548529, 159.035536, 5.848514,    27
    4,    35, 43.700955, 72.155145, 5.461601,    29
    4,    36, 10.386364, 174.243460, 0.466696,    33
    4,    37, 52.859418, 29.058040, 1.619623,    30
    4,    38, 19.883246, 48.556914, 3.344746,    40
    4,   121, 174.625698, 193.993181, 3.358893,    41
    4,    39, 50.750750, 96.463221, 2.279914,    42
    4,    40, 155.868365, 129.212473, 5.608247,    35
    4,    41, 52.270095, 76.850097, 0.713751,    37
    4,    42, 194.389979, 153.546817, 6.979593,    47
    4,    44, 192.155267, 79.693190, 6.209690,    31
    4,    45, 37.074516, 63.028613, 5.257917,    51
    4,    46, 82.831365, 152.847059, 4.686501,    28
    4,    47, 19.345716, 174.995243, 4.984269,    36
    4,    48, 75.351452, 90.774116, 4.765053,    39
    4,    49, 21.839851, 48.336962, -0.114667,    28
    4,    50, 23.544068, 116.217449, 1.228182,    43
    4,    51, 128.612137, 174.045546, 5.089015,    47
    4,    52, 32.106889, 107.308546, 0.846467,    39
    4,    53, 72.558016, 49.110535, 3.048901,    32
    4,    55, 95.411009, 96.639465, 2.771205,    36
    4,    56, 149.637231, 57.263632, 2.323720,    38
    4,    57, 35.156756, 38.291033, 2.108189,    36
    4,    58, 91.385176, 78.375945, 6.761842,    34
    4,    59, 164.531402, 96.413502, 3.132120,    42
    4,    60, 101.442232, 41.096956, 5.369735,    33
    4,   123, 124.739104, 7.059910, 1.262345,    33
    4,    62, 104.433664, 127.337880, 1.478660,    28
    4,    63, 161.854706, 101.004576, 5.194544,    46
    4,    64, 135.226135, 111.504687, 0.704288,    33
    4,    65, 47.674595, 52.926497, 4.653779,    36
    4,    66, 88.257190, 77.652096, 1.833004,    29
    4,    67, 117.177643, 76.699828, 5.135974,    52
    4,    68, 40.845474, 94.613050, 0.938958,    30
    4,    69, 80.369214, 159.122624, 3.114168,    49
    4,    70, 117.635211, 146.733712, 1.148621,    45
    4,    71, 83.469044, 33.523022, 5.428198,    37
    4,    72, 24.920798, 42.409020, 5.388670,    34
    4,   122, 78.733572, 9.010412, 1.161158,    45
    4,    73, 41.352670, 51.687001, 0.735993,    29
    4,    74, 144.812596, 7.209883, 5.941751,    35
    4,    76, 186.977697, 92.970827, 0.750125,    42
    4,    77, 110.752274, 79.017672, 3.600778,    33
    4,    78, 171.497743, 66.125614, 7.377640,    25
    4,    79, 65.775080, 15.527491, 0.438103,    31
    4,    80, 172.124568, 15.537400, 1.480481,    37
    4,    81, 13.819184, 147.014653, 0.651685,    31
    4,    82, 49.831878, 19.350013, 2.934417,    31
    4,    83, 81.799689, 115.529127, 6.086996,    34
    4,    84, 175.559831, 80.434557, 4.993630,    34
    4,    85, 158.859036, 73.907848, 3.934126,    31
    4,    86, 88.562305, 87.763232, 3.367494,    30
    4,    87, 37.915819, 57.088957, 4.013188,    28
    4,    88, 133.848491, 22.039348, -0.072095,    32
    4,    89, 97.441185, 29.887255, 3.496444,    32
    4,    90, 83.469216, 141.489907, 2.989956,    34
    4,    91, 88.984452, 132.460932, 5.610737,    36
    4,    92, 136.382209, 24.800257, 4.422185,    32
    4,    93, 129.246209, 171.416879, 2.597592,    42
    4,    94, 171.780013, 91.275474, 3.575054,    31
    4,    95, 132.955400, 193.803294, 2.824742,    34
    4,    96, 97.802102, 85.792558, 4.847546,    34
    4,    97, 46.566858, 120.845604, 4.751357,    34
    4,    98, 101.061754, 98.768255, 0.965395,    32
    4,    99, 61.957927, 86.602966, 4.405568,    31
    4,   100, 68.820020, 56.209696, 0.790918,    35
    4,   101, 70.886797, 178.888493, 1.833692,    53
    4,   102, 109.596346, 38.488157, 1.241297,    39
    4,   103, 21.648856, 77.685229, 1.612065,    47
    4,   104, 99.076353, 111.461464, 5.971732,    38
    4,   105, 67.199990, 175.181169, -0.274685,    43
    4,   106, 29.140996, 9.265291, 4.293460,    41
    4,   119, 8.510576, 122.865533, 5.802057,    45
    4,   107, 58.304057, 101.335671, 4.708754,    28
    4,   108, 112.057205, 174.157622, 3.381574,    36
    4,   109, 57.517832, 190.184733, 3.167297,    36
    4,   110, 93.554937, 77.363805, 5.781669,    42
    4,   111, 161.303176, 77.621353, 3.033069,    33
    4,   112, 187.900163, 75.071746, 5.556989,    29
    4,   113, 14.491617, 97.725930, 0.339149,    28
    4,   114, 156.851438, 22.692523, 2.336310,    36
    4,   115, 34.107984, 139.579736, 5.906972,    47
    4,   116, 166.046644, 134.769161, -0.053518,    47
    4,   117, 75.105367, 52.414215, 5.718086,    34
    4,   118, 110.783518, 89.808157, 1.442858,    35
    5,     0, 98.702625, 157.116289, 3.991329,    33
    5,     1, 97.298976, 60.973494, 2.669075,    39
    5,     2, 111.627612, 31.919220, 5.231958,    42
    5,     3, 168.920835, 71.231948, 1.218555,    27
    5,     4, 141.100532, 40.646318, 1.223186,    33
    5,     5, 153.308896, 155.207342, 4.189403,    36
    5,     6, 182.417027, 17.767976, 1.789839,    32
    5,     7, 50.927654, 92.785737, 3.201587,    32
    5,     8, 142.485295, 41.340767, 5.064969,    44
    5,     9, 139.572946, 132.389679, 3.140687,    37
    5,    10, 33.580143, 57.601944, 6.147384,    51
    5,    12, 146.069133, 154.912229, 3.410530,    36
    5,    13, 88.617929, 35.580676, 1.431334,    32
    5,    14, 70.337488, 144.848552, 5.949707,    41
    5,    15, 46.899990, 93.592762, 2.782082,    47
    5,    16, 30.035465, 30.254389, 5.115102,    43
    5,    17, 12.240251, 37.176363, 3.002902,    33
    5,    18, 8.223597, 97.080001, 3.636425,    43
    5,    19, 94.651853, 154.654329, 0.206601,    38
    5,    20, 132.563672, 127.221986, -0.369758,    35
    5,    21, 26.022342, 106.397685, 6.622962,    41
    5,    22, 10.559054, 26.118214, 2.444060,    40
    5,    23, 85.348548, 82.317786, 3.634651,    32
    5,   120, 155.457619, 8.559768, 0.741005,    53
    5,    24, 53.566521, 29.717859, 0.552796,    38
    5,    25, 96.645344, 114.592478, 3.866673,    32
    5,    26, 135.092201, 32.999834, 5.807408,    26
    5,    27, 84.721522, 97.945025, 1.303888,    41
    5,    28, 11.759682, 116.618334, 0.627923,    32
    5,    29, 149.820962, 95.742000, 4.021474,    34
    5,    31, 81.550239, 106.203869, 3.935269,    33
    5,    32, 130.447778, 64.644133, 3.257434,    32
    5,    33, 91.346286, 158.589565, 5.873094,    29
    5,    35, 44.476384, 71.371333, 5.407603,    28
    5,    36, 11.172370, 174.752873, 0.605707,    31
    5,    37, 52.898360, 29.995441, 1.415070,    30
    5,    38, 19.051245, 48.177923, 3.145664,    41
    5,   121, 173.575585, 193.299318, 3.305376,    41
    5,    39, 50.028028, 97.408579, 2.592939,    37
    5,    40, 156.658705, 128.563835, 5.598831,    36
    5,    41, 52.709115, 77.559921, 0.730796,    37
    5,    42, 194.930381, 153.674476, 6.667097,    44
    5,    44, 192.859983, 79.273766, 6.091039,    31
    5,    45, 37.232623, 62.336900, 5.372518,    53
    5,    46, 82.811614, 151.841785, 4.455032,    30
    5,    47, 19.917535, 174.524822, 4.962519,    36
    5,    48, 75.179868, 89.603272, 5.190358,    41
    5,    49, 22.712827, 48.070477, -0.364347,    30
    5,    50, 23.716901, 117.157502, 1.519080,    44
    5,    51, 129.482767, 173.174007, 5.106937,    50
    5,    52, 32.955118, 107.897446, 0.974582,    37
    5,    53, 71.672562, 49.216959, 3.140456,    34
    5,    55, 94.326309, 96.962211, 2.399629,    36
    5,    56, 148.726223, 58.262678, 1.938546,    40
    5,    57, 34.824326, 39.191320, 2.381635,    36
    5,    58, 92.208371, 78.817153, 6.822011,    34
    5,    59, 163.801792, 96.288494, 2.693699,    42
    5,    60, 101.774910, 40.022062, 5.149339,    32
    5,   123, 124.570845, 7.985849, 1.312412,    32
    5,    62, 104.160742, 128.373319, 1.774453,    28
    5,    63, 162.122676, 100.340670, 5.085517,    47
    5,    64, 135.831414, 112.080369, 0.514310,    32
    5,    65, 47.610468, 52.173298, 4.555445,    36
    5,    66, 87.998415, 78.282718, 1.636818,    29
    5,    67, 117.715306, 75.763218, 5.271368,    54
    5,    68, 41.367931, 95.410980, 0.586445,    33
    5,    69, 79.653255, 159.202020, 3.097449,    50
    5,    70, 118.064431, 147.596994, 1.450243,    47
    5,    71, 84.233080, 32.535367, 5.554945,    36
    5,    72, 25.255000, 41.655566, 5.157480,    33
    5,   122, 78.872007, 9.896272, 1.274843,    44
    5,    73, 42.087674, 52.179721, 0.498225,    32
    5,    74, 145.725062, 6.686842, 6.414594,    34
    5,    76, 187.554104, 93.775470, 0.410658,    38
    5,    77, 109.538744, 78.710226, 3.630677,    30
    5,    78, 171.685234, 67.006751, 7.464459,    24
    5,    79, 66.335214, 16.113123, 0.090174,    32
    5,    80, 172.482601, 16.347942, 1.257914,    37
    5,    81, 14.667403, 147.683325, 0.670263,    32
    5,    82, 49.031491, 19.594850, 3.034686,    33
    5,    83, 83.062233, 115.542301, 5.872954,    38
    5,    84, 175.924076, 79.404300, 4.963375,    34
    5,    85, 158.160958, 73.090123, 3.954385,    30
    5,    86, 87.504371, 87.910952, 3.675475,    30
    5,    87, 37.153113, 56.121792, 3.977752,    28
    5,    88, 134.695001, 22.091024, 0.019390,    32
    5,    89, 96.464196, 29.672227, 3.150333,    31
    5,    90, 82.359356, 141.513888, 2.848093,    35
    5,    91, 89.996116, 132.183305, 5.595879,    37
    5,    92, 136.474289, 23.874750, 4.261257,    32
    5,    93, 128.297322, 171.899796, 2.567012,    42
    5,    94, 170.791375, 90.750090, 3.535695,    32
    5,    95, 132.254879, 194.505977, 2.479967,    34
    5,    96, 97.687744, 85.158554, 4.865140,    34
    5,    97, 46.588819, 119.723243, 4.819574,    34
    5,    98, 101.611755, 99.443526, 0.905311,    31
    5,    99, 61.545763, 85.338904, 4.305118,    30
    5,   100, 68.960634, 56.833432, 0.906720,    37
    5,   101, 70.712735, 179.618688, 1.975376,    51
    5,   102, 110.061898, 39.510653, 1.063160,    39
    5,   103, 21.530095, 78.920516, 1.274344,    47
    5,   104, 99.665256, 111.006824, 6.137416,    39
    5,   105, 68.063535, 174.824646, -0.256118,    44
    5,   106, 28.142082, 8.297668, 4.381202,    43
    5,   119, 9.455957, 122.509455, 5.904605,    47
    5,   107, 58.630124, 100.303138, 4.796980,    28
    5,   108, 110.843030, 173.932702, 3.184665,    34
    5,   109, 56.504406, 190.101026, 3.193043,    35
    5,   110, 94.409498, 77.016180, 5.581525,    42
    5,   111, 160.077914, 77.598010, 3.015424,    33
    5,   112, 188.545257, 74.540061, 5.403782,    32
    5,   113, 15.633186, 97.835484, 0.079251,    28
    5,   114, 155.948541, 23.529436, 2.115523,    38
    5,   115, 34.973813, 139.356971, 5.793991,    45
    5,   116, 167.106517, 134.775844, 0.186080,    47
    5,   117, 76.343055, 52.079637, 5.544163,    33
    5,   118, 111.186571, 90.988108, 1.654001,    34
    6,     0, 98.449608, 156.752885, 4.088800,    32
    6,     1, 96.658191, 61.498483, 2.512180,    42
    6,     2, 112.153577, 31.063378, 5.072904,    44
    6,     3, 169.253285, 71.981430, 1.457564,    27
    6,     4, 141.751088, 41.580138, 1.313342,    29
    6,     5, 153.087502, 154.253086, 3.950007,    34
    6,     6, 181.963220, 18.725113, 1.589297,    32
    6,     7, 50.251294, 92.833685, 3.324527,    32
    6,     8, 142.522875, 40.403465, 5.111968,    44
    6,     9, 138.769363, 132.385112, 3.177551,    37
    6,    10, 34.521480, 57.074410, 6.173399,    51
    6,    12, 144.684015, 154.635246, 3.373385,    36
    6,    13, 88.857271, 36.746318, 1.406816,    33
    6,    14, 71.253173, 144.601371, 6.177065,    40
    6,    15, 46.069041, 93.765712, 2.732915,    49
    6,    16, 30.153244, 29.271713, 4.713043,    45
    6,    17, 11.293305, 37.795060, 2.989474,    33
    6,    18, 7.291486, 96.677377, 3.983423,    44
    6,    19, 95.823662, 154.801479, 0.316383,    36
    6,    20, 133.384897, 126.842382, -0.166268,    34
    6,    21, 26.649963, 106.793616, 6.415073,    40
    6,    22, 9.648646, 26.527346, 2.357899,    40
    6,    23, 84.327818, 81.823106, 3.240073,    32
    6,   120, 156.218578, 9.222493, 0.666795,    53
    6,    24, 54.170317, 30.296024, 0.861523,    36
    6,    25, 95.889108, 113.969368, 3.773358,    35
    6,    26, 136.058079, 32.297213, 5.670889,    24
    6,    27, 85.153846, 98.941425, 1.207477,    40
    6,    28, 12.305215, 117.370980, 0.542699,    32
    6,    29, 149.675819, 94.688644, 4.169757,    34
    6,    31, 80.988712, 105.473299, 3.809928,    35
    6,    32, 129.437558, 64.435940, 3.328163,    31
    6,    33, 92.443259, 158.166827, 5.691930,    28
    6,    35, 45.352006, 70.968111, 5.347491,    26
    6,    36, 12.455718, 175.039006, 0.726008,    34
    6,    37, 53.137232, 31.057130, 1.313438,    30
    6,    38, 18.289287, 48.068366, 3.373584,    40
    6,   121, 172.584454, 192.874493, 3.240169,    41
    6,    39, 49.207235, 97.757217, 2.902913,    40
    6,    40, 157.632451, 127.836406, 5.533244,    35
    6,    41, 53.452130, 78.748171, 0.808357,    37
    6,    44, 193.934555, 78.905068, 5.926178,    32
    6,    45, 37.980546, 61.576223, 5.437950,    52
    6,    46, 82.860814, 150.885202, 4.571501,    27
    6,    47, 20.370885, 173.856797, 4.626338,    36
    6,    48, 75.713271, 88.450084, 5.651236,    40
    6,    49, 23.955149, 47.608280, -0.381098,    29
    6,    50, 23.623606, 117.926519, 1.523157,    43
    6,    51, 130.045045, 171.935686, 4.952207,    48
    6,    52, 33.289511, 108.825913, 0.789828,    38
    6,    53, 70.573115, 49.109053, 2.980360,    34
    6,    55, 93.779906, 97.476605, 2.412887,    39
    6,    56, 148.391476, 58.920781, 1.605215,    35
    6,    57, 34.196390, 39.801113, 2.206134,    34
    6,    58, 93.054230, 79.624059, 7.187218,    33
    6,    59, 162.807534, 96.736480, 2.959548,    41
    6,    60, 102.343453, 39.131729, 5.141439,    33
    6,   123, 124.947226, 8.992551, 1.530290,    31
    6,    62, 103.887446, 129.414808, 1.559356,    29
    6,    63, 162.482780, 99.331505, 5.234574,    48
    6,    64, 136.595050, 112.252053, 0.634003,    33
    6,    65, 47.388499, 51.311295, 4.606686,    36
    6,    66, 88.158137, 79.120798, 1.603877,    29
    6,    67, 118.199103, 74.873889, 5.550785,    52
    6,    68, 42.208316, 96.142958, 0.673510,    32
    6,    69, 78.635666, 159.230972, 3.076482,    50
    6,    70, 117.891222, 148.689662, 1.470957,    44
    6,    71, 84.613382, 32.095191, 5.449495,    36
    6,    72, 25.323391, 40.506589, 5.030007,    34
    6,   122, 79.269168, 10.684175, 1.382863,    45
    6,    73, 43.214488, 52.854358, 0.702331,    29
    6,    74, 146.473370, 6.890189, 6.240846,    35
    6,    76, 188.289699, 94.141014, 0.543056,    39
    6,    77, 108.528397, 78.093369, 3.709525,    33
    6,    78, 171.987733, 67.957695, 7.722770,    26
    6,    79, 67.274438, 16.492000, 0.085895,    31
    6,    80, 172.815592, 17.501690, 1.253677,    37
    6,    81, 15.400894, 148.040415, 0.845023,    33
    6,    82, 48.129167, 19.603509, 3.262436,    31
    6,    83, 84.229963, 115.770269, 5.915742,    35
    6,    84, 176.035834, 78.406804, 5.189638,    33
    6,    85, 157.729493, 72.175905, 3.845451,    30
    6,    86, 86.961922, 87.594857, 3.495319,    28
    6,    87, 36.978252, 55.667915, 3.870405,    27
    6,    88, 135.410957, 22.184291, 0.287928,    32
    6,    89, 96.010145, 29.993021, 2.995542,    32
    6,    90, 81.536125, 141.844733, 3.178880,    34
    6,    91, 90.820427, 131.858364, 5.595920,    35
    6,    92, 136.136515, 22.809092, 4.480697,    32
    6,    93, 127.567795, 172.513683, 2.923581,    43
    6,    94, 170.183686, 90.147910, 3.501590,    31
    6,    96, 97.864633, 84.243398, 4.652929,    34
    6,    97, 47.112504, 118.389220, 4.386595,    34
    6,    98, 101.853233, 100.461361, 1.091820,    32
    6,    99, 61.164261, 84.361473, 4.515182,    29
    6,   100, 69.683151, 57.644952, 0.971702,    35
    6,   101, 70.654908, 180.417441, 1.839492,    53
    6,   102, 110.291969, 40.397416, 1.160648,    39
    6,   103, 21.886323, 80.007743, 0.859143,    47
    6,   104, 100.586958, 110.626814, 6.268448,    37
    6,   105, 68.692405, 174.687331, -0.291323,    42
    6,   106, 28.148942, 7.187120, 4.175618,    41
    6,   119, 10.304225, 122.128426, 6.014541,    45
    6,   107, 58.996536, 99.475888, 4.803546,    28
    6,   108, 110.014886, 174.081592, 3.298410,    36
    6,   109, 55.452288, 189.963278, 2.855510,    35
    6,   110, 95.009459, 76.054725, 5.812056,    43
    6,   111, 159.187410, 77.867977, 2.906882,    33
    6,   112, 189.267891, 74.036245, 5.659152,    30
    6,   113, 16.344172, 98.091962, -0.084831,    28
    6,   114, 155.248888, 24.338699, 2.315489,    36
    6,   115, 35.840624, 138.780353, 6.173726,    48
    6,   116, 168.531322, 135.095979, 0.062944,    47
    6,   117, 77.091052, 51.466774, 5.586530,    35
    6,   118, 110.654187, 91.671454, 2.003853,    34
    7,     0, 98.066819, 155.829500, 3.973357,    33
    7,     1, 95.875127, 62.261735, 2.297229,    41
    7,     2, 112.473627, 30.060402, 4.852012,    44
    7,     3, 169.167381, 72.779534, 1.560274,    27
    7,     4, 142.040369, 42.260394, 0.834835,    27
    7,     5, 152.331940, 153.379232, 3.997065,    38
    7,     6, 182.074216, 19.560216, 1.584624,    32
    7,     7, 49.347154, 92.474102, 3.183133,    32
    7,     8, 143.011942, 39.348420, 5.190677,    43
    7,     9, 137.858303, 132.493847, 3.114329,    37
    7,    10, 35.432969, 56.993083, 6.273372,    50
    7,    12, 143.510609, 154.505285, 3.128777,    36
    7,    13, 88.913750, 37.574068, 1.416218,    32
    7,    14, 72.158641, 144.778735, 5.795379,    41
    7,    15, 45.148809, 94.114117, 2.938350,    46
    7,    16, 29.932127, 28.344303, 4.553562,    45
    7,    17, 10.737832, 38.005199, 2.822822,    33
    7,    18, 6.775245, 96.070478, 3.987835,    43
    7,    19, 96.973259, 155.255265, 0.198898,    35
    7,    20, 134.465447, 126.636196, -0.434628,    34
    7,    21, 27.695569, 106.803172, 6.428629,    41
    7,    22, 9.074954, 27.058206, 1.849648,    41
    7,    23, 83.258470, 81.731292, 3.718339,    31
    7,   120, 156.691934, 10.220663, 0.741353,    52
    7,    24, 54.818244, 30.766666, 1.131342,    39
    7,    25, 95.158034, 113.641590, 3.777667,    34
    7,    26, 137.250263, 31.503195, 5.515964,    26
    7,    27, 85.543477, 100.129389, 1.401925,    40
    7,    28, 13.287692, 117.799182, 0.524318,    33
    7,    29, 148.936421, 93.879133, 4.335546,    35
    7,    31, 79.866055, 104.815626, 3.600651,    34
    7,    32, 128.216249, 64.081600, 3.490358,    32
    7,    33, 93.213617, 157.666946, 5.831567,    28
    7,    35, 46.389980, 69.984819, 5.559341,    27
    7,    36, 13.091999, 175.618411, 1.049016,    33
    7,    37, 53.200089, 31.867192, 1.286735,    28
    7,    38, 17.492948, 47.771709, 3.483969,    40
    7,   121, 171.521671, 192.796784, 3.246469,    41
    7,    39, 48.041530, 97.884025, 3.089746,    40
    7,    40, 158.429131, 127.431260, 5.584013,    35
    7,    41, 54.062589, 79.370156, 0.802291,    34
    7,    44, 194.804106, 78.374670, 5.941460,    30
    7,    45, 38.754277, 61.020344, 5.594371,    53
    7,    46, 83.205505, 150.027237, 4.718918,    32
    7,    47, 20.211535, 173.039391, 4.517035,    37
    7,    48, 76.433430, 87.787527, 5.702551,    41
    7,    49, 24.776893, 47.569496, -0.496627,    29
    7,    50, 23.634413, 118.975285, 1.488604,    43
    7,    51, 130.100658, 171.235949, 5.361722,    48
    7,    52, 33.939365, 109.376316, 0.659368,    36
    7,    53, 69.654667, 49.078254, 3.070897,    33
    7,    55, 92.772356, 98.070637, 2.177855,    37
    7,    56, 148.572612, 59.837097, 1.153595,    38
    7,    57, 33.613234, 40.529061, 2.359215,    35
    7,    58, 93.856649, 80.382453, 7.396963,    34
    7,    59, 161.872267, 96.890404, 3.273244,    42
    7,    60, 102.562119, 38.535918, 5.094971,    33
    7,   123, 124.665269, 10.018652, 1.161202,    33
    7,    62, 103.932435, 130.431309, 1.669749,    28
    7,    63, 162.935033, 98.731210, 5.157412,    45
    7,    64, 137.249434, 113.191155, 0.441167,    32
    7,    65, 47.443043, 50.453078, 4.918201,    36
    7,    66, 87.923081, 79.933123, 1.423621,    29
    7,    67, 118.700073, 74.381281, 5.820971,    52
    7,   124, 194.399227, 123.584090, 2.942886,    38
    7,    68, 42.945180, 96.861262, 0.272559,    33
    7,    69, 77.431352, 159.257532, 3.026341,    50
    7,    70, 118.173203, 149.568683, 1.541867,    45
    7,    71, 85.291493, 31.400471, 5.471748,    37
    7,    72, 25.428020, 39.404405, 4.972681,    32
    7,   122, 79.234086, 11.681470, 1.496957,    46
    7,    73, 43.905544, 53.561933, 0.996969,    32
    7,    74, 147.197748, 6.710984, 6.133056,    35
    7,    76, 189.236445, 94.687550, 0.027710,    42
    7,    77, 107.549354, 77.829155, 4.156444,    34
    7,    78, 172.217915, 68.715386, 7.789276,    26
    7,    79, 68.245004, 16.377949, 0.292264,    31
    7,    80, 173.194107, 18.486234, 1.324781,    37
    7,    81, 15.992946, 149.064135, 1.139242,    31
    7,    82, 47.125653, 19.221878, 3.143955,    31
    7,    83, 85.058123, 115.409213, 5.919258,    34
    7,    84, 176.652758, 76.913009, 5.068511,    35
    7,    85, 157.177917, 71.542387, 3.729763,    33
    7,    86, 85.749146, 87.407400, 2.978551,    30
    7,    87, 35.911258, 55.207138, 3.901126,    27
    7,    88, 136.212729, 22.215563, 0.566718,    32
    7,    89, 95.292497, 30.054666, 2.866514,    32
    7,    90, 80.683108, 141.842686, 3.280567,    34
    7,    91, 91.599644, 130.937997, 6.090823,    35
    7,    92, 135.930182, 21.608006, 4.436148,    30
    7,    93, 126.517723, 172.585889, 3.121391,    43
    7,    94, 169.487337, 90.229801, 3.573536,    31
    7,    96, 97.809870, 83.305302, 4.610326,    34
    7,    97, 46.721539, 117.320917, 4.071740,    34
    7,    98, 102.574003, 101.455161, 1.340536,    32
    7,    99, 61.081209, 83.647180, 4.853082,    31
    7,   100, 70.140300, 58.421535, 0.890809,    34
    7,   101, 70.137398, 181.452052, 2.004475,    51
    7,   102, 110.504754, 41.240061, 1.180661,    39
    7,   103, 22.751986, 80.417505, 0.892596,    49
    7,   104, 101.728498, 110.250718, 6.414983,    37
    7,   105, 69.243614, 174.164192, -0.335259,    43
    7,   106, 27.541953, 6.485731, 4.368748,    40
    7,   119, 11.359109, 122.203804, 5.757128,    45
    7,   107, 59.341681, 98.524287, 4.943715,    28
    7,   108, 108.942780, 174.012928, 3.636390,    36
    7,   109, 54.160032, 190.325536, 2.815822,    35
    7,   110, 95.891334, 75.278864, 5.728068,    41
    7,   111, 158.413152, 78.004027, 3.074875,    32
    7,   112, 190.375739, 73.301479, 5.852007,    30
    7,   113, 17.491224, 98.062404, -0.192281,    28
    7,   114, 154.778684, 25.162960, 2.223431,    38
    7,   115, 36.895139, 138.706047, 6.266591,    48
    7,   116, 169.492741, 135.298910, 0.144777,    47
    7,   117, 77.998221, 50.646350, 5.789401,    35
    7,   118, 109.754912, 92.918971, 2.334487,    35
    8,     0, 97.533966, 154.866940, 3.955507,    32
    8,   125, 54.512429, 194.232444, 4.294803,    33
    8,     1, 95.513419, 62.837276, 2.218058,    41
    8,     2, 112.590904, 29.130445, 4.705518,    46
    8,     3, 168.933396, 73.750388, 1.246645,    27
    8,     4, 142.557780, 42.909745, 0.986332,    29
    8,     5, 151.326852, 152.472173, 4.218729,    37
    8,     6, 181.966520, 20.795415, 1.362502,    32
    8,     7, 48.167645, 92.646686, 2.898783,    32
    8,     8, 143.147013, 38.619428, 5.413558,    40
    8,     9, 136.961629, 132.127359, 3.314965,    37
    8,    10, 36.498098, 56.946070, 6.385367,    50
    8,    12, 142.697351, 154.388629, 3.201524,    36
    8,    13, 88.871867, 37.797601, 1.533099,    32
    8,    14, 73.268205, 144.239831, 5.956962,    41
    8,    15, 44.216470, 94.584846, 3.148646,    47
    8,    16, 29.780654, 27.501900, 4.517403,    44
    8,    17, 10.062962, 38.265077, 2.824741,    32
    8,    18, 6.278860, 95.524839, 3.816132,    43
    8,    19, 98.082051, 155.495994, 0.244212,    38
    8,    20, 135.325216, 126.087414, -0.334265,    35
    8,    21, 28.849892, 107.010593, 6.878980,    41
    8,    22, 8.583334, 28.197962, 1.706917,    40
    8,    23, 82.617084, 81.397109, 3.648271,    27
    8,   120, 157.736985, 10.659299, 0.430669,    53
    8,    24, 55.461747, 31.632234, 1.002881,    39
    8,    25, 94.411001, 112.973509, 3.748537,    34
    8,    26, 137.650030, 30.613082, 5.503815,    24
    8,    27, 85.370320, 101.042362, 0.968036,    41
    8,    28, 14.057614, 118.284960, 0.611737,    33
    8,    29, 148.650761, 92.687386, 4.270795,    32
    8,    31, 79.143427, 104.608915, 3.724582,    35
    8,    32, 126.939983, 63.681390, 3.755238,    32
    8,    33, 94.159150, 157.495069, 5.623573,    29
    8,    35, 46.359315, 69.345235, 5.410130,    28
    8,    36, 13.868370, 176.280255, 0.628754,    32
    8,    37, 53.266782, 32.748155, 0.914804,    30
    8,    38, 16.815896, 47.145576, 3.618086,    40
    8,   121, 170.866869, 192.322221, 3.123608,    41
    8,    39, 46.615685, 98.048533, 3.486316,    40
    8,    40, 159.206092, 126.895246, 5.613691,    35
    8,    41, 54.657771, 80.361780, 0.876382,    34
    8,    45, 39.294646, 60.355077, 5.732331,    52
    8,    46, 83.041868, 148.952254, 4.960583,    30
    8,    47, 19.859404, 171.753737, 4.662737,    39
    8,    48, 77.334228, 87.217877, 5.806768,    42
    8,    49, 25.707868, 46.883754, -0.073752,    30
    8,    50, 23.651310, 120.258584, 1.230353,    43
    8,    51, 130.720399, 170.772531, 5.472519,    48
    8,    52, 34.462831, 110.093422, 0.548066,    37
    8,    53, 68.877018, 49.160764, 3.406779,    34
    8,    55, 92.466461, 98.869868, 1.905088,    37
    8,    56, 149.219231, 60.595704, 0.784487,    40
    8,    57, 33.138724, 40.888075, 2.298268,    35
    8,   126, 194.447931, 185.480791, 3.417200,    35
    8,    58, 94.447481, 81.367175, 7.683089,    35
    8,    59, 160.970546, 96.595160, 2.986568,    42
    8,    60, 102.904824, 38.032556, 5.527334,    31
    8,   123, 124.802386, 10.946659, 1.202635,    33
    8,    62, 103.894160, 131.027964, 1.761859,    28
    8,    63, 163.668276, 98.184815, 5.092629,    47
    8,    64, 138.198153, 113.561191, 0.556645,    32
    8,    65, 47.382584, 49.481044, 4.976187,    36
    8,    66, 88.362204, 80.629859, 1.497833,    30
    8,    67, 119.446056, 74.001950, 5.753683,    50
    8,   124, 193.519995, 123.676694, 3.117507,    39
    8,    68, 43.839515, 97.145034, 0.347799,    32
    8,    69, 76.440561, 159.787542, 3.361625,    50
    8,    70, 118.020795, 150.174741, 1.900842,    45
    8,    71, 86.133355, 30.503023, 5.461223,    37
    8,    72, 25.487567, 38.368233, 5.012371,    33
    8,   122, 79.249321, 12.732872, 1.284318,    45
    8,    73, 44.413862, 54.204803, 0.767170,    30
    8,    74, 148.300231, 6.587108, 5.790660,    35
    8,    76, 190.189940, 94.740108, 0.091219,    40
    8,    77, 107.167971, 76.807679, 4.308168,    31
    8,    78, 172.212308, 69.777547, 7.985842,    26
    8,    79, 69.113027, 16.717958, 0.420657,    31
    8,    80, 173.682427, 19.252102, 1.230310,    35
    8,    81, 16.479679, 150.039497, 1.098117,    32
    8,   127, 194.759863, 16.722693, 2.941975,    30
    8,    82, 46.053022, 19.389470, 3.165884,    31
    8,    83, 86.039510, 114.727614, 6.016339,    34
    8,    84, 176.793803, 75.878550, 4.948424,    34
    8,    85, 156.481711, 70.610926, 3.790992,    31
    8,    86, 84.532687, 87.529395, 3.032346,    30
    8,    87, 35.066358, 54.563720, 4.003293,    27
    8,    88, 137.294435, 22.601141, 0.532493,    32
    8,    89, 94.349008, 30.635773, 2.582670,    32
    8,    90, 79.494371, 141.902840, 3.261223,    35
    8,    91, 92.450606, 130.688005, 6.034024,    36
    8,    92, 135.914475, 20.579440, 4.167700,    32
    8,    93, 125.598622, 172.600212, 3.449457,    43
    8,    94, 168.631290, 90.001398, 3.510266,    32
    8,    96, 97.767855, 82.543110, 4.654787,    34
    8,    97, 45.988208, 116.393807, 4.056717,    34
    8,    98, 103.032400, 102.359317, 1.470338,    32
    8,    99, 61.372813, 83.058165, 5.184209,    31
    8,   100, 70.963645, 59.140824, 0.970228,    36
    8,   101, 69.564651, 182.168864, 1.854825,    52
    8,   102, 110.996825, 42.215243, 0.882455,    40
    8,   103, 23.526643, 80.975364, 0.982138,    47
    8,   104, 102.706078, 110.371847, 6.601720,    37
    8,   105, 70.362621, 173.693868, -0.380363,    44
    8,   106, 27.221340, 5.779855, 4.352140,    40
    8,   119, 12.253046, 121.822027, 5.509775,    46
    8,   107, 60.070135, 97.697984, 4.935591,    27
    8,   108, 108.216833, 173.202055, 3.910511,    38
    8,   109, 53.177137, 190.887957, 3.044948,    34
    8,   110, 96.514203, 74.684787, 5.901082,    44
    8,   111, 157.262538, 78.286177, 3.183163,    33
    8,   112, 191.232296, 73.195903, 5.818230,    31
    8,   113, 18.434732, 98.216765, -0.227373,    29
    8,   114, 154.224899, 26.531772, 2.262047,    36
    8,   115, 38.009794, 138.627947, 6.102825,    46
    8,   116, 170.306751, 135.573795, 0.332303,    49
    8,   117, 79.135879, 50.461459, 5.790185,    35
    8,   118, 109.117064, 93.589683, 2.159329,    36
    9,     0, 96.688090, 154.270882, 4.008495,    31
    9,   125, 53.873519, 193.166336, 4.361811,    34
    9,     1, 94.697341, 63.771717, 2.476525,    41
    9,     2, 112.426341, 28.033034, 4.692619,    44
    9,     3, 169.456792, 74.631999, 1.063683,    27
    9,     4, 142.677555, 43.638565, 0.940584,    28
    9,     5, 151.021304, 151.556029, 3.743526,    34
    9,     6, 182.202785, 22.137898, 1.255181,    32
    9,     7, 46.714558, 92.889902, 2.962355,    32
    9,     8, 143.944637, 37.453882, 5.491479,    45
    9,     9, 136.094111, 132.242402, 3.455366,    36
    9,    10, 37.668326, 57.113128, 6.143921,    50
    9,    12, 141.652245, 154.155040, 3.473645,    36
    9,    13, 88.923285, 38.657901, 1.816028,    32
    9,    14, 74.182061, 144.061103, 5.961604,    40
    9,    15, 43.307889, 94.655326, 3.087502,    47
    9,    16, 29.263454, 25.982191, 4.417169,    45
    9,    17, 9.145348, 38.546072, 3.214779,    32
    9,    18, 5.598950, 94.713805, 3.840080,    44
    9,    19, 99.039535, 156.175266, 0.022554,    34
    9,    20, 136.150192, 125.850702, -0.492582,    36
    9,    21, 29.620005, 107.405199, 7.053592,    44
    9,    22, 8.089083, 29.120154, 2.030186,    40
    9,    23, 81.878822, 80.850513, 3.892810,    30
    9,   120, 158.551649, 10.742704, 0.226603,    52
    9,    24, 56.061270, 32.551142, 0.740307,    38
    9,    25, 93.611563, 112.220810, 3.935965,    33
    9,    26, 138.204108, 29.872692, 5.327840,    24
    9,    27, 86.096755, 101.870580, 1.041045,    42
    9,    28, 15.087875, 118.821921, 0.861550,    34
    9,    29, 148.076698, 91.791127, 4.152603,    34
    9,    31, 78.306059, 104.396136, 3.689995,    33
    9,    32, 126.159512, 63.329133, 3.540683,    31
    9,    33, 95.036057, 157.017398, 5.560230,    28
    9,    35, 46.717649, 68.494704, 5.447803,    26
    9,    36, 14.753981, 176.871254, 0.827968,    32
    9,    37, 53.573733, 33.255809, 0.546696,    30
    9,    38, 15.948928, 46.768966, 3.660523,    40
    9,   121, 169.881527, 192.532336, 3.173786,    41
    9,    39, 45.711070, 97.773900, 3.435877,    40
    9,    40, 159.692454, 126.580698, 5.656213,    36
    9,    41, 55.355161, 81.002379, 0.755378,    35
    9,    45, 39.925591, 59.725217, 5.770071,    54
    9,    46, 83.158128, 148.290967, 5.019832,    27
    9,    47, 20.169112, 170.834526, 4.754492,    37
    9,    48, 78.135192, 86.882186, 6.162911,    40
    9,    49, 27.133908, 46.917737, 0.187173,    30
    9,    50, 23.711166, 121.406900, 1.013796,    44
    9,    51, 131.437803, 169.802633, 5.181135,    46
    9,    52, 35.376693, 110.696970, 0.625140,    36
    9,    53, 67.812005, 49.008685, 3.127366,    33
    9,    55, 91.890242, 99.790167, 1.761094,    37
    9,    56, 149.624268, 61.495873, 0.994158,    39
    9,    57, 32.215043, 41.412118, 2.282545,    34
    9,   126, 193.765974, 185.199210, 3.279816,    35
    9,    58, 94.818421, 82.468401, 7.510517,    33
    9,    59, 160.350944, 96.308803, 3.268387,    42
    9,    60, 103.731126, 37.191501, 5.511381,    34
    9,   123, 125.039221, 11.783761, 1.402099,    34
    9,    62, 103.639113, 132.157055, 2.107695,    30
    9,    63, 163.783596, 97.226559, 5.074338,    48
    9,    64, 139.120691, 113.896436, 0.731440,    34
    9,    65, 47.560492, 48.239343, 4.797032,    36
    9,    66, 87.994445, 81.629123, 1.334094,    29
    9,    67, 120.385848, 73.659857, 5.835373,    53
    9,   124, 192.613259, 123.705294, 2.938766,    38
    9,    68, 44.346400, 97.526045, 0.219916,    32
    9,    69, 75.534600, 159.430917, 3.390562,    50
    9,    70, 117.723827, 150.737344, 2.084937,    44
    9,    71, 86.498208, 30.134979, 5.639418,    37
    9,    72, 26.020522, 37.804718, 5.354633,    32
    9,   122, 79.622094, 13.816421, 1.219697,    45
    9,    73, 45.121233, 54.869791, 0.547683,    32
    9,    74, 149.230217, 6.415031, 5.621580,    35
    9,    76, 191.010331, 94.959545, 0.107068,    40
    9,    77, 106.840888, 75.570001, 4.354921,    32
    9,    78, 172.022550, 70.695671, 8.167192,    26
    9,    79, 69.939976, 17.128134, 0.069345,    31
    9,    80, 173.944875, 20.458852, 1.179542,    36
    9,    81, 17.113422, 151.087864, 1.122284,    32
    9,   127, 194.258455, 16.635830, 2.920357,    33
    9,    82, 45.197051, 19.250086, 2.909361,    31
    9,    83, 87.293983, 114.825060, 5.812352,    34
    9,    84, 176.942610, 74.910481, 4.984951,    33
    9,    85, 155.818917, 70.134545, 3.759490,    31
    9,    86, 83.647970, 87.322348, 3.239017,    30
    9,    87, 34.455571, 54.051537, 4.245107,    27
    9,    88, 138.225619, 22.904917, 0.267749,    32
    9,    89, 93.354820, 31.056972, 2.173106,    31
    9,    90, 78.663371, 141.856039, 3.544031,    34
    9,    91, 93.464737, 130.482848, 6.131612,    35
    9,    92, 135.492493, 20.056664, 4.423469,    32
    9,    93, 124.768088, 172.636733, 3.398067,    42
    9,    94, 167.518524, 89.543752, 3.564697,    31
    9,    96, 97.675964, 81.600227, 4.704170,    34
    9,    97, 45.430181, 115.625867, 4.084498,    34
    9,    98, 103.428340, 103.428344, 1.293514,    32
    9,    99, 61.810049, 82.894048, 5.273644,    29
    9,   100, 71.267623, 59.928430, 0.941783,    34
    9,   101, 69.161010, 183.266290, 1.733693,    53
    9,   102, 111.339255, 43.351094, 0.946597,    39
    9,   103, 24.068640, 81.978772, 0.844869,    46
    9,   104, 103.493168, 110.458253, 6.801661,    37
    9,   105, 71.273004, 173.405240, -0.597221,    43
    9,   106, 26.711264, 5.275258, 4.506273,    40
    9,   119, 13.244753, 120.871962, 5.488407,    47
    9,   107, 60.507901, 96.945487, 5.083509,    28
    9,   108, 107.354675, 172.588746, 4.069079,    38
    9,   109, 52.620744, 190.849028, 2.946580,    35
    9,   110, 97.566822, 74.119910, 5.710964,    43
    9,   111, 156.392579, 77.736131, 3.269618,    33
    9,   112, 191.939804, 72.734124, 5.888531,    28
    9,   113, 19.343490, 97.919024, -0.442774,    28
    9,   114, 153.747533, 27.196083, 2.488466,    37
    9,   115, 39.434476, 138.854552, 6.181514,    46
    9,   116, 171.154926, 135.900674, 0.078482,    47
    9,   117, 80.090605, 49.648710, 6.073205,    35
    9,   118, 108.452850, 94.052271, 2.353826,    34
